Open,High,Low,Close,Volume,OpenInt
43.011,43.011,43.011,43.011,50.9,0
43.162,43.162,43.162,43.162,11.3,0
43.956,43.956,43.956,43.956,22.7,0
43.885,43.885,43.885,43.885,124.8,0
45.88,45.88,44.555,44.555,22.7,0
44.388000000000005,44.388000000000005,44.29,44.29,113.5,0
44.821000000000005,44.9,44.821000000000005,44.856,238.0,0
44.908,44.908,44.908,44.908,11.3,0
44.281000000000006,44.281000000000006,44.281000000000006,44.281000000000006,11.3,0
43.523999999999994,43.603,43.523999999999994,43.603,79.2,0
43.011,43.011,42.958,42.985,204.2,0
42.922,42.922,42.922,42.922,56.6,0
43.409,43.409,43.409,43.409,56.6,0
43.497,43.497,43.497,43.497,56.6,0
43.665,43.665,43.657,43.657,56.6,0
43.718,43.718,43.718,43.718,56.6,0
44.114,44.114,44.114,44.114,56.6,0
42.111000000000004,42.111000000000004,41.786,41.786,453.3,0
40.409,40.409,40.409,40.409,113.5,0
40.868,40.868,40.868,40.868,59.0,0
39.579,39.579,39.579,39.579,50.6,0
40.62,40.62,40.62,40.62,59.4,0
41.133,41.133,41.126999999999995,41.126999999999995,56.0,0
41.606,41.606,41.598,41.598,56.0,0
40.258,40.258,40.258,40.258,56.0,0
40.411,40.411,40.400999999999996,40.400999999999996,56.0,0
40.329,40.356,40.329,40.329,44.7,0
41.795,41.95399999999999,41.795,41.95399999999999,44.7,0
42.106,42.106,42.088,42.088,112.0,0
42.213,42.213,42.213,42.213,11.2,0
41.159,41.159,41.159,41.159,112.0,0
42.24,42.24,42.24,42.24,112.0,0
41.391999999999996,41.391999999999996,41.31100000000001,41.31100000000001,1293.8,0
42.427,43.107,42.365,43.107,716.7,0
43.098,43.107,43.088,43.088,145.6,0
43.25,43.25,43.25,43.25,22.5,0
43.115,43.115,43.036,43.115,123.2,0
43.133,43.205,43.133,43.205,22.5,0
43.098,43.141999999999996,43.098,43.141999999999996,44.7,0
43.195,43.215,43.195,43.215,67.3,0
43.23,43.23,43.23,43.23,11.2,0
43.373999999999995,43.373999999999995,43.373999999999995,43.373999999999995,22.5,0
43.437,43.461999999999996,43.437,43.461999999999996,89.7,0
43.687,43.981,43.687,43.883,862.4,0
43.357,43.357,43.222,43.277,137.7,0
43.195,43.257,43.195,43.257,89.7,0
43.33,43.758,43.31100000000001,43.758,2609.7,0
45.195,45.214,45.195,45.214,100.9,0
45.571999999999996,45.571999999999996,45.50899999999999,45.50899999999999,201.6,0
45.195,45.195,45.178000000000004,45.178000000000004,100.9,0
44.839,44.873999999999995,44.821000000000005,44.857,201.6,0
44.963,44.963,44.776,44.864,537.5,0
45.195,45.195,44.57,44.607,1265.2,0
44.43600000000001,44.45399999999999,44.43600000000001,44.45399999999999,100.9,0
45.073,45.088,45.073,45.088,100.9,0
44.25,44.25,44.036,44.07899999999999,336.0,0
43.981,43.981,43.909,43.909,268.7,0
44.45399999999999,44.45399999999999,44.43600000000001,44.43600000000001,100.9,0
44.303000000000004,44.383,44.275,44.275,285.6,0
43.891999999999996,43.891999999999996,43.875,43.875,190.5,0
44.222,44.294,44.222,44.275,201.6,0
43.445,43.445,43.428000000000004,43.428000000000004,100.9,0
43.215,43.215,43.195,43.195,100.9,0
43.016000000000005,43.016000000000005,42.998999999999995,42.998999999999995,100.9,0
42.74,42.74,42.74,42.74,33.6,0
43.998999999999995,43.998999999999995,43.998999999999995,43.998999999999995,33.6,0
43.964,43.964,43.518,43.518,123.2,0
43.347,43.857,42.232,43.857,257.6,0
44.196000000000005,44.266000000000005,44.071000000000005,44.071000000000005,560.0,0
44.169,44.222,43.883,43.883,1680.2,0
44.159,44.159,43.758,43.758,123.2,0
43.766999999999996,43.785,43.571000000000005,43.571000000000005,212.8,0
43.641999999999996,44.196000000000005,43.589,44.151,358.5,0
44.016999999999996,44.106,43.748999999999995,43.803000000000004,358.5,0
43.857,44.044,43.785,43.964,246.4,0
44.062,44.178000000000004,44.062,44.178000000000004,78.3,0
44.391999999999996,44.45399999999999,44.169,44.402,2139.3,0
44.321000000000005,45.16,44.106,44.402,1052.8,0
44.474,44.633,44.427,44.633,168.1,0
44.553000000000004,45.31100000000001,44.553000000000004,44.88399999999999,1166.1,0
45.58,45.652,45.58,45.652,168.1,0
45.669,45.68600000000001,45.669,45.68600000000001,22.5,0
45.335,45.409,45.335,45.409,22.3,0
45.453,45.453,45.453,45.453,16.6,0
45.361999999999995,45.361999999999995,45.056000000000004,45.119,509.3,0
44.586000000000006,44.928000000000004,44.533,44.928000000000004,133.4,0
46.176,46.725,46.176,46.725,110.6,0
46.338,46.382,46.338,46.365,81.3,0
46.56399999999999,46.571999999999996,46.446999999999996,46.508,310.0,0
45.94,46.464,45.94,46.365,276.9,0
46.038999999999994,46.038999999999994,45.742,45.742,642.4,0
46.031000000000006,46.104,45.878,46.083999999999996,420.7,0
46.916000000000004,46.925,46.916000000000004,46.925,99.7,0
47.303999999999995,47.303999999999995,46.79,46.798,44.2,0
46.733999999999995,46.733999999999995,46.733999999999995,46.733999999999995,22.3,0
47.051,47.051,47.051,47.051,11.1,0
47.167,47.18600000000001,47.167,47.176,66.5,0
47.339,47.956,46.935,47.412,336.6,0
47.123999999999995,47.223,47.123999999999995,47.223,22.3,0
47.105,47.114,47.105,47.114,22.3,0
47.20399999999999,47.20399999999999,47.20399999999999,47.20399999999999,44.2,0
47.422,47.458,47.422,47.422,80.3,0
47.538000000000004,47.583999999999996,47.321000000000005,47.583999999999996,461.3,0
47.881,47.881,47.863,47.863,57.0,0
47.756,47.756,47.756,47.756,44.2,0
47.965,47.965,47.946000000000005,47.946000000000005,130.4,0
47.926,47.926,46.861000000000004,46.861000000000004,24.4,0
47.141999999999996,47.756,47.123999999999995,47.358999999999995,650.1,0
46.644,46.644,46.644,46.644,11.1,0
47.167,47.167,47.167,47.167,16.6,0
47.583999999999996,47.655,47.438,47.655,247.8,0
48.145,48.145,48.035,48.035,132.9,0
48.17100000000001,48.351000000000006,48.17100000000001,48.342,72.4,0
48.541000000000004,48.541000000000004,48.541000000000004,48.541000000000004,36.8,0
48.351000000000006,48.351000000000006,48.351000000000006,48.351000000000006,11.1,0
48.244,48.316,48.244,48.316,88.8,0
48.641000000000005,48.641000000000005,48.578,48.578,215.0,0
48.468999999999994,48.468999999999994,48.468999999999994,48.468999999999994,44.2,0
48.135,48.135,48.135,48.135,55.4,0
48.145,48.145,47.901,47.901,88.8,0
47.854,47.926,47.845,47.901,321.1,0
48.332,48.332,48.299,48.299,29.0,0
48.431999999999995,48.46,48.098,48.117,959.0,0
48.416000000000004,48.416000000000004,48.416000000000004,48.416000000000004,66.5,0
48.478,48.478,48.416000000000004,48.416000000000004,230.3,0
48.633,48.902,48.549,48.902,542.0,0
48.957,49.075,48.723,48.723,403.8,0
48.948,48.948,48.948,48.948,33.2,0
48.316,48.505,48.17100000000001,48.17100000000001,110.6,0
48.651,48.651,48.651,48.651,11.1,0
48.308,48.308,48.308,48.308,11.1,0
48.379,48.45,48.379,48.416000000000004,91.4,0
48.802,48.802,48.549,48.549,38.2,0
49.272,49.516000000000005,49.272,49.516000000000005,22.3,0
49.70399999999999,49.70399999999999,49.623000000000005,49.623000000000005,22.3,0
49.254,49.805,49.137,49.352,2791.1,0
49.426,49.426,48.776,48.948,108.1,0
48.108000000000004,48.424,48.035,48.424,353.9,0
48.505,48.595,48.505,48.595,132.9,0
49.327,49.327,48.84,48.84,139.5,0
49.607,49.77,49.578,49.696000000000005,3152.0,0
50.428999999999995,50.428999999999995,49.662,49.662,540.4,0
49.607,49.607,49.352,49.408,434.1,0
49.617,50.348,49.578,50.148999999999994,787.4,0
50.141000000000005,50.32899999999999,50.141000000000005,50.32899999999999,61.6,0
50.221000000000004,50.221000000000004,49.598,49.607,317.7,0
49.489,50.148999999999994,49.489,50.122,77.5,0
50.781000000000006,50.781000000000006,50.781000000000006,50.781000000000006,11.1,0
50.175,50.636,50.175,50.338,371.7,0
50.4,50.701,50.321000000000005,50.701,88.8,0
50.826,51.068999999999996,50.781000000000006,50.934,409.7,0
51.123999999999995,51.123999999999995,50.711000000000006,50.988,363.2,0
50.474,50.771,50.465,50.771,155.0,0
50.735,51.06,50.573,50.711000000000006,2864.0,0
50.799,51.295,50.753,51.223,2152.4,0
51.34,51.396,51.006,51.196999999999996,6354.8,0
51.323,51.522,51.043,51.068999999999996,5373.8,0
51.277,51.522,51.053000000000004,51.268,4421.2,0
51.494,51.711000000000006,51.31399999999999,51.477,3839.3,0
51.818999999999996,51.818999999999996,51.43,51.693000000000005,1262.3,0
51.538999999999994,51.818999999999996,50.711000000000006,50.979,7105.0,0
50.743,50.743,50.104,50.493,5533.4,0
50.573,50.573,49.92100000000001,49.92100000000001,2923.1,0
50.31100000000001,51.16,50.31100000000001,50.871,4162.3,0
50.428999999999995,50.583,50.141000000000005,50.583,1118.4,0
50.076,50.681000000000004,50.076,50.626000000000005,1459.3,0
50.257,50.257,49.888000000000005,49.888000000000005,299.0,0
50.31100000000001,50.31100000000001,49.352,49.578,627.0,0
50.032,50.032,50.032,50.032,13.4,0
49.075,49.092,48.928999999999995,49.056000000000004,199.3,0
49.137,49.553999999999995,49.137,49.553999999999995,33.2,0
49.672,49.958999999999996,49.56100000000001,49.958999999999996,327.7,0
49.191,49.191,48.948,49.092,166.1,0
49.128,49.254,49.128,49.254,22.3,0
49.352,49.352,49.352,49.352,110.6,0
49.941,49.941,49.85,49.85,55.4,0
50.013999999999996,50.321000000000005,49.733000000000004,49.733000000000004,144.1,0
48.878,48.878,47.34,47.34,103.3,0
47.533,47.625,47.222,47.625,81.3,0
47.733999999999995,47.917,47.57899999999999,47.817,153.0,0
48.365,48.365,48.145,48.293,267.9,0
48.87,48.87,48.512,48.512,145.1,0
48.53,48.53,48.53,48.53,11.0,0
48.933,49.007,48.74,48.961000000000006,246.6,0
48.06399999999999,48.192,48.06399999999999,48.192,87.5,0
49.032,49.032,49.032,49.032,11.0,0
49.847,49.856,49.446000000000005,49.626999999999995,139.4,0
49.84,49.84,49.418,49.708999999999996,120.2,0
50.443000000000005,50.451,50.443000000000005,50.451,21.9,0
49.885,49.885,49.885,49.885,11.0,0
50.809,50.809,50.809,50.809,26.0,0
51.06399999999999,51.156000000000006,50.982,50.982,164.7,0
51.156000000000006,51.387,51.156000000000006,51.229,163.9,0
51.239,51.239,51.229,51.229,73.5,0
51.505,51.505,51.458,51.458,150.7,0
51.42100000000001,51.659,51.42100000000001,51.576,120.2,0
51.387,51.428999999999995,51.193000000000005,51.193000000000005,106.8,0
51.43899999999999,51.448,51.093,51.093,81.5,0
51.22,51.239,51.22,51.239,36.7,0
51.02,51.02,51.0,51.0,37.2,0
51.11,51.11,51.11,51.11,11.0,0
51.093,51.093,50.99100000000001,50.99100000000001,63.4,0
51.468,51.576,51.468,51.485,41.5,0
52.181999999999995,52.181999999999995,51.595,51.614,87.5,0
51.576,51.623999999999995,51.477,51.477,103.0,0
51.376999999999995,51.396,51.303000000000004,51.396,52.6,0
51.75899999999999,51.75899999999999,51.75899999999999,51.75899999999999,11.0,0
51.933,51.998999999999995,51.293,51.348,320.1,0
51.586000000000006,51.586000000000006,51.586000000000006,51.586000000000006,11.8,0
51.266000000000005,51.266000000000005,51.148,51.156000000000006,161.8,0
51.33,51.338,51.156000000000006,51.156000000000006,704.3,0
51.038000000000004,51.038000000000004,50.726000000000006,50.726000000000006,144.4,0
50.826,50.826,50.71,50.71,76.6,0
50.63399999999999,50.63399999999999,50.63399999999999,50.63399999999999,11.0,0
51.202,51.239,51.01,51.129,87.5,0
51.696999999999996,51.696999999999996,51.211000000000006,51.211000000000006,39.2,0
50.352,50.352,50.196000000000005,50.352,54.7,0
50.443000000000005,50.506,50.443000000000005,50.498000000000005,85.2,0
50.113,50.113,50.023,50.023,76.6,0
50.544,50.67100000000001,50.544,50.67100000000001,39.2,0
51.239,51.595,51.038000000000004,51.43899999999999,131.1,0
51.769,51.769,51.769,51.769,11.0,0
52.153999999999996,52.446999999999996,52.153999999999996,52.328,192.7,0
52.437,52.437,52.263000000000005,52.263000000000005,87.5,0
52.41,52.483000000000004,52.382,52.428000000000004,76.6,0
52.428000000000004,52.601000000000006,52.428000000000004,52.601000000000006,153.0,0
53.159,53.169,53.115,53.151,228.0,0
53.078,53.078,53.078,53.078,11.0,0
53.122,53.196000000000005,53.122,53.196000000000005,32.7,0
53.49,54.111000000000004,53.49,53.93899999999999,87.5,0
53.43600000000001,53.507,53.316,53.507,65.7,0
53.417,53.526,53.297,53.397,120.2,0
53.371,53.371,53.371,53.371,14.6,0
53.033,53.033,53.033,53.033,88.9,0
53.233000000000004,53.233000000000004,53.233000000000004,53.233000000000004,11.0,0
52.913000000000004,52.913000000000004,52.913000000000004,52.913000000000004,18.5,0
53.106,53.106,53.106,53.106,29.9,0
53.196000000000005,53.196000000000005,52.731,52.831,295.1,0
53.407,53.407,52.263000000000005,52.272,32.7,0
52.181999999999995,52.463,52.181999999999995,52.391000000000005,173.5,0
52.886,53.39,52.886,53.39,131.1,0
53.333999999999996,53.736000000000004,53.333999999999996,53.653999999999996,393.3,0
53.775,54.13,53.681000000000004,54.13,189.3,0
54.02,54.038999999999994,53.856,53.873000000000005,62.2,0
54.085,54.165,54.085,54.148,43.6,0
54.77,54.77,54.641999999999996,54.744,979.1,0
54.761,54.761,54.761,54.761,21.9,0
55.218999999999994,55.218999999999994,55.082,55.208999999999996,43.6,0
55.666000000000004,55.666000000000004,55.666000000000004,55.666000000000004,11.0,0
56.162,56.162,54.917,55.236999999999995,269.5,0
55.411,55.448,55.292,55.448,175.9,0
55.538000000000004,55.538000000000004,55.538000000000004,55.538000000000004,11.0,0
56.675,56.675,55.538000000000004,55.568000000000005,94.4,0
55.622,55.622,55.622,55.622,19.1,0
54.898,54.898,54.898,54.898,46.4,0
55.504,55.603,55.448,55.603,185.7,0
54.908,55.558,54.908,55.558,62.4,0
56.536,56.536,54.67,55.155,352.0,0
55.236999999999995,55.236999999999995,55.236999999999995,55.236999999999995,11.0,0
55.813,55.813,55.43899999999999,55.613,159.9,0
55.951,55.951,55.466,55.466,231.9,0
55.411,55.411,55.228,55.228,43.6,0
55.071999999999996,55.071999999999996,55.062,55.062,104.5,0
56.463,56.873999999999995,56.298,56.873999999999995,543.9,0
57.269,57.552,55.797,55.797,834.9,0
55.96,57.03,55.96,57.03,21.9,0
55.858000000000004,56.993,55.666000000000004,55.915,218.9,0
57.141000000000005,57.405,57.141000000000005,57.405,221.8,0
56.188,57.305,56.188,56.501000000000005,438.2,0
57.332,57.332,56.501000000000005,57.222,711.1,0
58.273999999999994,58.273999999999994,57.295,57.295,186.0,0
58.593999999999994,58.593999999999994,57.205,57.205,544.6,0
57.215,57.248999999999995,57.001999999999995,57.001999999999995,699.9,0
56.993,57.507,56.93899999999999,57.498000000000005,132.5,0
57.278,57.964,57.278,57.964,109.2,0
58.284,58.603,58.284,58.44,57.2,0
58.46,60.004,56.812,57.24,2104.7,0
57.187,59.007,57.187,58.356,2492.9,0
58.313,58.678000000000004,57.917,58.385,436.1,0
58.42100000000001,58.523,58.375,58.375,103.5,0
58.229,58.678000000000004,57.983000000000004,58.678000000000004,147.6,0
58.917,59.354,58.917,59.299,313.0,0
59.161,60.47,59.016000000000005,59.016000000000005,560.9,0
59.18,59.218,57.917,58.933,1383.5,0
57.644,57.644,56.098,56.272,985.6,0
56.544,56.591,56.472,56.472,368.2,0
56.001000000000005,56.875,56.001000000000005,56.803000000000004,198.0,0
56.968,57.042,56.968,57.042,129.7,0
57.943000000000005,57.943000000000005,56.655,57.143,982.0,0
57.162,57.162,57.162,57.162,36.3,0
57.153,57.243,55.772,56.986999999999995,327.7,0
55.881,57.068999999999996,55.441,56.342,429.1,0
54.916000000000004,57.088,54.437,54.76,646.7,0
55.45,57.365,55.45,56.601000000000006,1003.8,0
56.636,56.958999999999996,56.49,56.675,985.7,0
56.315,56.875,55.394,56.831,519.7,0
56.783,56.922,56.675,56.71,350.6,0
56.553000000000004,56.849,56.48,56.821000000000005,309.7,0
57.023,57.233000000000004,56.968,57.233000000000004,840.2,0
56.544,57.17,56.50899999999999,56.526,1923.9,0
56.278,57.19,56.278,57.162,246.3,0
57.494,57.494,57.224,57.224,134.6,0
57.114,57.299,57.097,57.299,344.9,0
57.208,57.336000000000006,57.19,57.19,252.3,0
57.622,57.667,57.243,57.299,216.9,0
57.365,57.538999999999994,57.365,57.512,230.6,0
56.168,56.986999999999995,56.168,56.813,263.9,0
56.176,56.176,55.551,55.551,865.7,0
56.103,56.103,55.22,55.238,366.4,0
55.238,55.238,55.22,55.22,60.8,0
55.571000000000005,55.571000000000005,55.016999999999996,55.071999999999996,581.1,0
55.707,55.707,55.541000000000004,55.541000000000004,78.9,0
55.522,55.522,54.861000000000004,55.385,111.6,0
55.66,57.998999999999995,53.977,53.986000000000004,652.4,0
54.511,54.511,54.428000000000004,54.428000000000004,158.5,0
55.348,55.801,55.33,55.762,208.5,0
56.29600000000001,56.29600000000001,55.863,55.863,32.4,0
56.50899999999999,56.581,56.472,56.48,69.5,0
56.813,56.813,56.626999999999995,56.626999999999995,62.8,0
56.535,56.831,56.535,56.831,113.1,0
57.06,57.233000000000004,56.601000000000006,57.233000000000004,107.3,0
57.382,57.42,57.291000000000004,57.42,113.9,0
56.72,57.291000000000004,56.72,56.931000000000004,295.3,0
56.783,56.803000000000004,56.783,56.803000000000004,81.1,0
57.428999999999995,57.428999999999995,57.428999999999995,57.428999999999995,33.5,0
57.162,57.751000000000005,57.162,57.751000000000005,54.6,0
57.464,57.474,57.464,57.474,53.8,0
57.777,57.777,57.318000000000005,57.345,479.7,0
57.732,57.76,57.713,57.76,138.3,0
58.118,58.118,58.101000000000006,58.118,118.9,0
57.318000000000005,57.355,57.162,57.162,293.7,0
58.062,58.062,58.045,58.045,79.6,0
58.062,59.481,58.008,58.071999999999996,516.2,0
58.441,58.441,58.412,58.412,218.6,0
58.34,58.34,58.313,58.313,48.6,0
57.76,57.982,57.76,57.953,44.6,0
57.575,57.575,57.575,57.575,48.7,0
57.512,57.512,57.512,57.512,34.0,0
57.676,57.676,57.365,57.365,71.2,0
56.665,56.665,56.665,56.665,21.3,0
57.263000000000005,57.263000000000005,57.19,57.233000000000004,49.5,0
57.282,57.501999999999995,57.282,57.501999999999995,110.3,0
57.391000000000005,57.887,57.162,57.162,154.6,0
56.995,56.995,56.995,56.995,23.1,0
57.309,57.309,57.162,57.18,169.9,0
57.18,57.18,57.18,57.18,10.9,0
57.282,57.318000000000005,57.282,57.318000000000005,104.1,0
57.566,57.622,57.538999999999994,57.622,194.4,0
58.126999999999995,58.126999999999995,58.126999999999995,58.126999999999995,72.5,0
58.118,58.303000000000004,58.118,58.303000000000004,46.3,0
58.772,58.772,58.772,58.772,32.4,0
57.53,57.53,57.474,57.474,50.8,0
57.786,57.786,57.566,57.566,151.9,0
57.208,57.208,56.903,56.903,208.7,0
57.143,57.143,57.143,57.143,27.3,0
57.676,57.843,57.676,57.786,90.7,0
58.082,58.184,58.082,58.184,72.1,0
58.367,58.367,58.263999999999996,58.349,75.4,0
58.136,58.136,58.136,58.136,43.4,0
58.082,58.082,57.872,57.872,68.6,0
58.052,58.256,58.027,58.092,252.7,0
58.468,58.468,58.422,58.422,88.2,0
58.313,58.34,58.303000000000004,58.303000000000004,453.3,0
58.515,58.57,58.431000000000004,58.56,118.2,0
58.441,58.515,58.386,58.505,134.9,0
58.515,58.515,58.477,58.477,63.9,0
58.533,58.533,58.052,58.349,245.4,0
58.376000000000005,58.706,58.376000000000005,58.376000000000005,81.5,0
58.349,58.349,58.247,58.34,93.2,0
58.781000000000006,58.891999999999996,58.781000000000006,58.891999999999996,125.6,0
59.03,59.056999999999995,58.983999999999995,59.048,138.6,0
58.505,58.505,58.461000000000006,58.505,152.2,0
58.882,58.882,58.533,58.652,182.0,0
58.873000000000005,58.873000000000005,58.552,58.552,56.1,0
58.691,58.716,58.691,58.706,264.8,0
58.901,58.93600000000001,58.901,58.93600000000001,190.9,0
59.371,59.371,59.371,59.371,18.6,0
59.693000000000005,59.756,59.683,59.756,125.6,0
59.803000000000004,59.848,59.747,59.821999999999996,159.2,0
59.784,59.83,59.784,59.83,312.6,0
59.903,59.903,59.896,59.896,132.2,0
60.93600000000001,60.943000000000005,60.833,60.833,127.9,0
61.349,61.349,60.521,60.657,99.0,0
60.853,60.853,60.566,60.566,173.9,0
60.373999999999995,60.373999999999995,60.336999999999996,60.336999999999996,182.8,0
60.123000000000005,60.143,60.043,60.133,416.5,0
60.227,60.263999999999996,60.227,60.263999999999996,190.9,0
60.282,60.648999999999994,60.163000000000004,60.235,274.9,0
60.272,60.383,60.18,60.373999999999995,244.3,0
60.373999999999995,60.373999999999995,60.373999999999995,60.373999999999995,38.4,0
61.055,61.063,60.99100000000001,61.016000000000005,253.8,0
60.93600000000001,60.998999999999995,60.93600000000001,60.998999999999995,59.9,0
60.766999999999996,60.961999999999996,60.758,60.952,357.9,0
60.831,60.981,60.57,60.57,166.4,0
60.637,60.637,60.637,60.637,13.8,0
60.486999999999995,60.784,60.42100000000001,60.784,99.6,0
60.821999999999996,60.961999999999996,60.821999999999996,60.916000000000004,33926.1,0
61.016999999999996,61.065,60.851000000000006,61.037,32822.4,0
61.167,61.513000000000005,61.167,61.503,302.7,0
61.503,61.503,61.503,61.503,10.8,0
61.895,62.324,61.662,61.736999999999995,347.2,0
61.736999999999995,61.747,61.596000000000004,61.625,487.1,0
61.103,61.176,61.103,61.111999999999995,3997.0,0
61.138999999999996,61.765,61.085,61.196000000000005,193.4,0
63.023999999999994,63.023999999999994,60.869,61.905,369.4,0
60.793,61.027,58.443999999999996,58.443999999999996,668.9,0
61.176,61.345,61.176,61.233999999999995,126.6,0
61.457,61.457,61.159,61.196000000000005,249.9,0
61.438,61.523,61.363,61.523,564.2,0
61.065,61.075,60.748999999999995,60.748999999999995,271.4,0
60.998999999999995,61.148999999999994,60.998999999999995,61.103,131.6,0
61.085,61.363,61.047,61.24100000000001,244.7,0
61.747,61.747,61.541000000000004,61.615,142.1,0
61.717,61.717,61.717,61.717,39.5,0
61.905,61.905,61.747,61.793,251.0,0
61.438,61.523,61.438,61.523,174.7,0
62.101000000000006,62.101000000000006,61.373000000000005,61.503,244.4,0
61.483999999999995,61.483999999999995,61.483999999999995,61.483999999999995,96.8,0
61.111999999999995,61.111999999999995,61.027,61.103,305.1,0
60.299,60.299,60.282,60.282,73.3,0
59.684,59.684,59.684,59.684,65.4,0
59.946000000000005,59.982,59.937,59.982,131.6,0
59.964,60.729,59.489,60.729,360.6,0
59.507,59.918,59.507,59.523999999999994,171.3,0
59.703,59.703,59.003,59.003,482.5,0
58.863,59.468999999999994,57.847,59.135,233.7,0
59.637,59.637,59.637,59.637,29.1,0
59.56399999999999,59.637,59.301,59.422,529.3,0
59.89,60.131,59.656000000000006,59.992,973.5,0
59.955,59.955,59.723,59.89,126.1,0
60.879,60.879,60.879,60.879,23.9,0
60.626999999999995,61.159,60.626999999999995,61.159,338.4,0
61.119,61.119,60.672,60.672,27.3,0
61.457,61.503,61.075,61.43,190.6,0
60.952,60.952,60.952,60.952,54.9,0
61.69,61.69,61.67100000000001,61.67100000000001,64.2,0
60.831,60.841,60.831,60.841,58.6,0
61.335,61.438,61.148999999999994,61.148999999999994,81.4,0
61.382,61.382,61.382,61.382,76.2,0
61.559,61.559,61.288999999999994,61.335,446.0,0
61.662,61.662,61.42,61.42,78.6,0
61.18600000000001,61.317,60.93600000000001,61.317,203.1,0
61.119,61.119,60.972,60.972,335.4,0
61.111999999999995,61.167,60.916000000000004,61.129,224.6,0
61.047,61.047,61.008,61.008,58.1,0
60.869,60.869,60.617,60.617,111.3,0
60.608000000000004,60.608000000000004,60.338,60.542,224.2,0
60.841,61.093999999999994,60.841,60.916000000000004,486.4,0
61.288999999999994,61.288999999999994,60.952,60.952,234.7,0
60.533,60.637,60.385,60.608000000000004,822.4,0
60.02,60.328,59.851000000000006,60.291000000000004,145.3,0
60.272,60.617,60.226000000000006,60.58,335.2,0
59.843,59.898999999999994,59.843,59.898999999999994,111.0,0
59.618,59.972,59.618,59.972,101.8,0
59.871,59.871,58.901,59.723,328.3,0
59.077,59.574,59.077,59.574,130.8,0
58.808,58.808,58.808,58.808,62.3,0
56.662,58.257,56.662,58.09,404.5,0
58.611000000000004,58.611000000000004,58.611000000000004,58.611000000000004,101.2,0
58.808,59.376999999999995,58.808,59.376999999999995,224.7,0
58.556999999999995,58.556999999999995,58.556999999999995,58.556999999999995,39.6,0
58.556999999999995,58.901,58.415,58.631,344.0,0
57.437,57.437,57.045,57.045,144.5,0
57.493,57.493,56.531000000000006,56.923,245.9,0
56.708,56.708,53.34,53.34,99.4,0
55.7,56.242,54.302,56.242,140.2,0
56.961000000000006,57.091,56.428000000000004,56.428000000000004,91.3,0
56.98,56.98,56.98,56.98,17.6,0
57.613,58.126000000000005,55.934,57.81,1035.1,0
57.876000000000005,57.876000000000005,57.641999999999996,57.641999999999996,120.9,0
58.35,58.565,58.31399999999999,58.489,181.9,0
58.48,58.742,58.48,58.713,119.2,0
58.005,58.601000000000006,58.005,58.247,323.7,0
59.33,59.368,58.901,59.368,60.5,0
59.208999999999996,59.368,59.208999999999996,59.368,42.5,0
59.918,60.385,59.918,60.385,340.4,0
60.365,60.365,60.365,60.365,46.5,0
60.093999999999994,60.121,59.89,60.121,110.0,0
60.43899999999999,60.43899999999999,59.748999999999995,60.114,111.5,0
60.458,60.458,60.254,60.375,57.9,0
60.346000000000004,60.346000000000004,60.233999999999995,60.233999999999995,54.0,0
60.468,60.468,60.233999999999995,60.375,131.3,0
60.385,60.385,60.365,60.365,30.8,0
60.758,60.758,60.403999999999996,60.448,367.1,0
60.505,60.505,60.505,60.505,66.1,0
60.681999999999995,60.961999999999996,60.653999999999996,60.692,368.8,0
60.216,60.57,60.216,60.57,231.6,0
60.496,60.496,60.496,60.496,49.4,0
61.382,61.391000000000005,61.159,61.159,128.1,0
61.363,61.411,61.28,61.28,390.2,0
61.474,62.035,61.345,61.483999999999995,1065.6,0
61.596000000000004,61.606,61.474,61.474,67.9,0
60.821999999999996,61.345,60.681999999999995,61.335,6988.2,0
61.448,61.69,61.391000000000005,61.69,844.5,0
61.503,62.026,61.503,62.026,249.4,0
61.998000000000005,61.998000000000005,61.858000000000004,61.858000000000004,72.2,0
61.931999999999995,61.951,61.644,61.67100000000001,108.9,0
61.513000000000005,61.699,61.288999999999994,61.67100000000001,317.3,0
61.093999999999994,62.053999999999995,60.43,61.82,632.6,0
61.119,61.298,60.318000000000005,61.148999999999994,1073.9,0
60.412,61.717,59.851000000000006,60.394,280.6,0
59.898999999999994,59.908,58.93600000000001,58.93600000000001,141.1,0
58.799,58.808,58.537,58.78,233.7,0
58.956,59.61,58.023999999999994,58.975,1214.4,0
58.76,60.263999999999996,58.76,59.955,273.8,0
60.851000000000006,60.851000000000006,60.851000000000006,60.851000000000006,48.7,0
61.326,61.543,61.119,61.543,273.5,0
61.6,61.985,60.378,61.797,2341.3,0
61.928999999999995,62.278,61.6,62.278,1691.0,0
61.958,62.07,61.552,62.07,286.9,0
61.985,61.995,61.007,61.995,193.4,0
61.816,62.202,61.751999999999995,61.788000000000004,816.3,0
61.825,63.143,60.228,61.797,708.1,0
61.816,61.873000000000005,60.34,61.102,736.2,0
61.083999999999996,61.083999999999996,61.083999999999996,61.083999999999996,56.9,0
60.527,60.527,59.54,59.821999999999996,283.9,0
60.31100000000001,60.31100000000001,58.75899999999999,59.606,766.9,0
59.522,60.132,59.522,59.992,432.8,0
60.82899999999999,61.206,60.321000000000005,61.093,1519.6,0
60.273999999999994,60.781000000000006,60.152,60.781000000000006,516.0,0
60.18899999999999,60.79,60.18899999999999,60.18899999999999,38.7,0
60.198,60.82,59.381,59.381,972.8,0
60.141999999999996,60.141999999999996,59.202,59.841,449.9,0
59.888999999999996,60.141999999999996,59.701,59.794,1168.6,0
59.258,60.481,59.258,60.481,444.2,0
60.461999999999996,60.88399999999999,60.292,60.604,191.8,0
60.82,60.95,60.049,60.95,951.7,0
59.606,61.582,59.606,61.582,582.4,0
60.688,60.763000000000005,60.688,60.763000000000005,115.1,0
60.97,60.97,60.547,60.547,70.4,0
59.72,60.593999999999994,59.72,60.593999999999994,172.9,0
60.659,60.659,60.18899999999999,60.461999999999996,299.2,0
59.56,60.31100000000001,59.56,60.31100000000001,195.5,0
60.79,60.79,60.79,60.79,26.4,0
61.543,61.543,61.007,61.242,548.3,0
61.535,61.543,61.516000000000005,61.543,407.5,0
61.977,62.013000000000005,61.318000000000005,61.412,813.0,0
60.725,61.365,60.659,61.365,214.8,0
61.45,61.45,61.29,61.29,66.1,0
61.007,61.656000000000006,60.998000000000005,61.526,164.1,0
61.816,61.864,61.742,61.769,435.7,0
61.864,62.728,61.864,62.55,127.9,0
62.776,63.105,62.287,63.048,881.2,0
62.248999999999995,62.821999999999996,62.248999999999995,62.821999999999996,7614.0,0
62.7,63.067,62.7,62.79600000000001,151.4,0
63.086000000000006,63.49,62.888000000000005,62.888000000000005,235.7,0
63.284,63.284,62.522,62.578,2151.9,0
63.048,63.048,63.048,63.048,33.1,0
62.786,63.001999999999995,62.718999999999994,62.945,1262.1,0
63.152,63.152,62.4,62.4,49.0,0
62.4,62.945,62.4,62.738,325.1,0
62.645,62.645,62.645,62.645,31.9,0
62.992,62.992,62.596000000000004,62.596000000000004,180.9,0
62.119,62.776,62.089,62.136,223.2,0
62.87,62.87,62.202,62.202,127.6,0
61.977,61.977,61.271,61.628,106.4,0
61.403,61.403,61.403,61.403,42.6,0
60.349,60.349,60.349,60.349,21.3,0
61.083999999999996,61.18600000000001,60.397,60.566,138.3,0
60.96,61.477,60.96,61.477,85.0,0
60.8,61.036,60.8,60.8,138.3,0
61.422,61.422,61.422,61.422,42.6,0
61.619,61.619,61.486000000000004,61.486000000000004,63.9,0
61.251999999999995,62.691,61.251999999999995,62.691,138.3,0
62.07,62.07,61.778999999999996,62.07,63.9,0
62.813,62.813,62.606,62.813,74.4,0
62.821999999999996,63.067,62.457,62.86,925.0,0
62.54,63.028999999999996,62.457,63.028999999999996,372.1,0
62.586999999999996,62.586999999999996,62.06,62.163999999999994,489.2,0
62.004,62.004,61.299,61.656000000000006,2594.5,0
61.656000000000006,61.656000000000006,61.656000000000006,61.656000000000006,31.9,0
62.004,62.428000000000004,61.562,62.428000000000004,1754.5,0
61.968,62.645,61.806999999999995,62.645,157.6,0
61.722,61.722,61.458999999999996,61.562,13099.9,0
61.693999999999996,61.833999999999996,61.693999999999996,61.732,13036.3,0
62.718999999999994,63.086000000000006,62.7,62.87,1180.3,0
63.152,63.152,62.738,62.738,14479.2,0
63.368,63.368,62.56,62.56,11207.4,0
62.457,63.161,62.457,63.123999999999995,1858.9,0
63.376999999999995,63.376999999999995,62.578,63.058,13652.8,0
63.434,63.434,63.188,63.228,106.4,0
63.376999999999995,63.376999999999995,63.312,63.349,95.6,0
62.983000000000004,63.763999999999996,62.983000000000004,63.763999999999996,221.5,0
63.86600000000001,63.894,63.54600000000001,63.886,8297.1,0
62.973,63.086000000000006,62.681999999999995,62.86,584.8,0
63.123999999999995,63.45399999999999,63.123999999999995,63.376999999999995,3365.8,0
63.651,63.821000000000005,63.218,63.218,3116.1,0
63.801,63.923,63.54600000000001,63.54600000000001,395.0,0
63.913999999999994,64.223,63.913999999999994,64.215,404.2,0
64.27199999999999,64.421,64.27199999999999,64.29899999999999,3466.4,0
64.289,64.76899999999999,64.092,64.449,2307.4,0
64.439,64.439,64.046,64.046,542.3,0
64.168,64.185,63.593999999999994,63.998999999999995,180.9,0
63.396,63.556000000000004,63.143,63.387,733.8,0
63.443999999999996,63.998999999999995,63.443999999999996,63.913999999999994,1563.1,0
64.497,64.497,64.016,64.072,467.9,0
63.424,63.707,63.396,63.396,255.1,0
62.983000000000004,63.54600000000001,62.626000000000005,62.626000000000005,326.5,0
63.349,63.358000000000004,62.926,63.096000000000004,155.1,0
64.374,64.374,63.943000000000005,64.215,1201.6,0
64.111,64.14,63.856,63.903999999999996,574.3,0
63.96,63.96,63.95,63.95,116.5,0
64.046,64.064,63.933,63.933,106.4,0
63.96,64.685,63.96,64.685,74.4,0
64.195,64.76,64.185,64.507,460.1,0
64.808,64.817,64.016,64.55199999999999,1325.3,0
64.665,64.939,64.488,64.488,276.5,0
64.47800000000001,64.939,64.195,64.882,584.8,0
64.421,65.72800000000001,63.631,65.72800000000001,563.5,0
65.446,65.456,64.59100000000001,64.6,202.0,0
62.766999999999996,64.572,62.766999999999996,64.195,1297.4,0
63.5,65.184,63.5,65.005,180.9,0
63.556000000000004,64.855,63.556000000000004,64.657,407.0,0
64.469,64.638,64.064,64.13,1137.8,0
64.14,64.62899999999999,64.13,64.497,388.1,0
64.016,64.016,63.99,63.99,191.6,0
64.111,64.949,64.092,64.543,265.9,0
64.185,64.185,64.185,64.185,31.9,0
63.791000000000004,63.791000000000004,62.926,63.293,818.8,0
63.001999999999995,63.123999999999995,62.963,62.963,106.4,0
63.443999999999996,63.443999999999996,62.652,62.652,226.3,0
63.434,63.604,63.246,63.604,159.1,0
63.95,64.469,63.651,64.13,545.4,0
64.13,64.13,64.13,64.13,10.7,0
61.129,63.754,61.129,62.86,255.1,0
63.358000000000004,63.358000000000004,63.086000000000006,63.086000000000006,53.2,0
64.02600000000001,64.02600000000001,64.02600000000001,64.02600000000001,21.3,0
64.02600000000001,66.773,64.02600000000001,66.773,287.0,0
66.764,66.764,66.764,66.764,20.9,0
65.348,67.26100000000001,64.736,64.937,198.5,0
64.937,64.937,64.937,64.937,5.1,0
64.937,64.937,63.72,63.72,177.6,0
64.611,64.611,64.611,64.611,20.9,0
64.094,64.44800000000001,64.094,64.438,104.5,0
62.735,62.908,62.582,62.86,177.6,0
63.004,63.32899999999999,63.004,63.32899999999999,61.5,0
64.783,64.783,61.195,62.343999999999994,386.7,0
63.922,66.03699999999999,62.266999999999996,62.266999999999996,5266.9,0
61.797,61.797,61.521,61.597,125.4,0
61.711000000000006,62.745,60.773999999999994,61.721000000000004,438.8,0
61.653999999999996,61.653999999999996,61.396,61.396,62.7,0
61.817,61.817,61.406000000000006,61.558,125.4,0
62.343999999999994,62.343999999999994,61.931999999999995,61.931999999999995,114.9,0
63.20399999999999,63.224,63.20399999999999,63.224,41.8,0
63.854,63.88399999999999,62.879,63.09,338.3,0
62.821000000000005,63.395,62.821000000000005,63.395,122.1,0
64.133,64.133,64.133,64.133,41.8,0
64.047,64.094,63.568000000000005,63.568000000000005,177.6,0
63.942,63.942,63.942,63.942,31.4,0
64.11399999999999,64.11399999999999,63.645,63.96,73.2,0
64.181,64.181,62.651,62.812,125.4,0
63.386,63.386,62.668,62.946000000000005,83.6,0
62.277,62.641000000000005,62.277,62.277,114.9,0
61.157,62.151,61.157,61.76,250.9,0
62.2,62.668,61.435,62.333999999999996,1985.6,0
62.095,63.214,62.095,62.927,177.6,0
63.09,63.175,62.141000000000005,62.247,386.7,0
63.051,63.233999999999995,62.468,62.468,177.6,0
62.381,62.574,61.76,61.942,4243.3,0
62.965,63.119,61.845,61.845,1107.7,0
62.411,63.395,62.411,62.496,438.8,0
62.305,62.784,61.511,62.371,145.6,0
61.607,62.428999999999995,61.396,62.2,188.2,0
62.007,63.482,62.007,62.765,323.9,0
62.43899999999999,62.611000000000004,61.328,62.611000000000004,3893.7,0
62.631,62.631,60.812,61.903,3155.9,0
61.683,61.845,61.291000000000004,61.835,1640.8,0
61.951,61.951,61.626000000000005,61.74100000000001,219.5,0
62.151,62.333999999999996,61.788000000000004,61.989,2142.3,0
62.621,62.621,61.461999999999996,61.835,741.9,0
61.826,61.845,60.869,61.645,532.9,0
61.166000000000004,61.251999999999995,60.286,60.352,344.8,0
60.132,60.132,58.648999999999994,59.597,1400.3,0
52.87,64.11399999999999,50.87,59.913000000000004,1442.3,0
60.248000000000005,73.778,56.716,59.96,1274.9,0
58.361999999999995,58.361999999999995,57.415,58.228,1013.7,0
57.415,59.386,57.023,58.851000000000006,6280.6,0
59.424,59.434,59.406000000000006,59.406000000000006,250.9,0
59.128,59.195,56.706,59.195,355.3,0
56.842,57.108000000000004,56.477,56.851000000000006,209.0,0
56.851000000000006,56.851000000000006,56.851000000000006,56.851000000000006,10.5,0
58.563,58.563,57.846000000000004,57.846000000000004,365.8,0
56.631,57.215,56.631,57.215,83.6,0
58.64,58.64,57.998999999999995,58.218999999999994,417.9,0
58.773999999999994,58.773999999999994,58.449,58.449,146.3,0
57.425,57.88399999999999,57.415,57.88399999999999,278.6,0
57.88399999999999,57.88399999999999,57.88399999999999,57.88399999999999,20.9,0
58.716,58.716,57.09,57.902,627.0,0
59.033,59.033,58.095,58.698,167.2,0
59.07,59.768,58.419,59.463,344.8,0
58.391000000000005,59.606,58.391000000000005,59.501000000000005,453.8,0
58.382,58.706,57.798,58.409,334.5,0
57.36600000000001,58.382,57.36600000000001,58.228,229.9,0
57.1,57.205,57.042,57.108000000000004,627.0,0
57.147,58.793,56.993,57.951,940.4,0
56.449,58.525,56.286,58.525,166.8,0
57.798,59.644,57.568000000000005,59.644,240.3,0
60.122,60.122,55.692,56.075,659.3,0
55.559,56.172,55.425,56.066,219.5,0
57.75,58.353,56.553000000000004,58.19,553.8,0
60.573,63.281000000000006,58.372,59.318999999999996,282.3,0
59.32899999999999,59.32899999999999,57.232,57.663999999999994,417.9,0
58.372,59.368,58.372,58.812,1222.2,0
59.511,59.635,58.803000000000004,58.888999999999996,229.9,0
59.318999999999996,59.808,58.698,59.205,564.2,0
58.141999999999996,61.147,58.141999999999996,60.114,637.5,0
60.199,60.266999999999996,60.047,60.19,1034.6,0
60.19,60.19,60.19,60.19,4.8,0
59.644,59.644,59.644,59.644,20.9,0
58.965,60.038000000000004,58.965,59.586999999999996,209.0,0
60.324,60.678000000000004,60.324,60.419,125.4,0
60.755,60.773999999999994,60.229,60.746,1076.4,0
60.132,60.726000000000006,60.104,60.726000000000006,877.8,0
60.075,60.229,59.88399999999999,59.97,58.5,0
60.333999999999996,60.333999999999996,59.998000000000005,59.998000000000005,73.2,0
60.372,61.147,60.361999999999995,60.525,658.4,0
61.683,61.683,61.291000000000004,61.291000000000004,261.3,0
61.318999999999996,61.45399999999999,60.983999999999995,61.214,344.8,0
61.157,61.157,60.544,61.117,177.6,0
61.3,61.74100000000001,61.176,61.396,261.3,0
60.621,61.099,60.621,60.861000000000004,229.9,0
61.376999999999995,61.376999999999995,61.376999999999995,61.376999999999995,20.9,0
61.989,61.989,61.461999999999996,61.531000000000006,2067.5,0
62.027,62.115,61.607,62.095,846.5,0
62.115,62.115,61.568000000000005,61.797,274.8,0
62.477,62.477,61.185,61.205,334.5,0
60.746,61.042,60.746,61.042,198.5,0
62.075,62.075,60.477,60.477,83.4,0
61.531000000000006,61.531000000000006,60.831,60.831,73.2,0
60.831,60.831,60.821999999999996,60.821999999999996,104.5,0
60.132,60.286,59.941,60.218999999999994,94.0,0
59.386,59.75,59.138000000000005,59.396,146.3,0
59.998000000000005,59.998000000000005,59.998000000000005,59.998000000000005,31.4,0
60.352,60.352,60.352,60.352,31.4,0
59.989,60.851000000000006,59.979,60.851000000000006,1285.4,0
61.233999999999995,61.233999999999995,61.214,61.224,428.5,0
61.338,61.338,61.338,61.338,31.4,0
62.2,62.391000000000005,61.09,61.147,219.5,0
60.544,61.328,60.544,61.282,344.8,0
61.645,61.645,61.013000000000005,61.013000000000005,282.3,0
62.065,62.065,61.147,61.195,386.7,0
60.621,61.224,60.621,61.022,355.3,0
61.214,61.635,61.214,61.635,362.1,0
61.176,61.367,60.428999999999995,60.428999999999995,439.8,0
61.242,61.242,60.028,60.31399999999999,363.5,0
61.117,61.176,60.631,61.176,438.8,0
61.481,61.481,60.122,60.658,209.0,0
60.093999999999994,60.544,59.453,60.093999999999994,191.6,0
60.008,60.008,59.463,59.606,177.6,0
59.88399999999999,60.047,59.75,59.75,125.4,0
58.449,58.449,58.449,58.449,41.8,0
58.573,58.573,58.573,58.573,54.7,0
60.861000000000004,60.861000000000004,58.821000000000005,59.06100000000001,282.3,0
62.056000000000004,62.43899999999999,59.396,62.43899999999999,261.3,0
61.348,70.965,61.348,62.2,585.2,0
63.226000000000006,63.226000000000006,62.93,63.221000000000004,341.1,0
63.711999999999996,63.711999999999996,62.253,62.253,411.3,0
60.958999999999996,62.175,60.958999999999996,61.669,124.3,0
59.412,60.755,59.412,60.755,287.8,0
61.077,61.086999999999996,60.521,60.521,259.6,0
61.037,61.037,60.306999999999995,60.501999999999995,1274.1,0
60.949,64.253,59.84,60.356,1022.8,0
60.775,60.784,60.036,60.036,795.9,0
59.966,59.967,59.636,59.818000000000005,1068.1,0
59.325,59.325,57.95399999999999,58.839,454.2,0
57.867,58.601000000000006,57.817,58.128,438.0,0
58.158,58.217,57.43899999999999,57.581,129.6,0
56.903,57.43899999999999,55.876999999999995,55.931000000000004,3455.8,0
56.826,56.843999999999994,55.879,56.543,220.0,0
56.893,56.893,54.957,56.191,362.9,0
55.735,56.836000000000006,55.6,55.901,366.0,0
56.543,56.684,54.755,55.263999999999996,539.0,0
55.775,56.32,55.45399999999999,56.32,123.8,0
54.028,54.699,54.028,54.699,120.6,0
55.911,55.911,54.49,54.49,277.5,0
54.235,54.235,52.18600000000001,53.175,609.5,0
53.143,54.239,53.143,54.239,207.3,0
54.504,55.07,54.504,54.856,287.3,0
55.114,55.18600000000001,54.015,54.483000000000004,339.3,0
55.464,55.551,54.364,54.793,975.9,0
55.717,55.717,54.063,54.277,639.1,0
55.23,55.23,55.049,55.049,85.3,0
56.008,56.008,56.008,56.008,84.9,0
54.978,56.513999999999996,54.978,56.513999999999996,1132.2,0
55.931000000000004,55.931000000000004,54.974,55.19,474.0,0
54.763000000000005,55.288000000000004,54.369,55.288000000000004,145.0,0
56.368,56.368,54.919,54.919,171.8,0
54.672,55.61,54.672,55.26,332.2,0
52.808,53.858999999999995,52.808,53.858999999999995,194.7,0
53.418,54.158,53.418,53.977,49.3,0
54.063,54.063,54.063,54.063,14.9,0
53.24,53.36600000000001,52.102,52.102,702.7,0
53.683,54.256,53.043,53.56399999999999,1243.8,0
53.79,55.288000000000004,53.79,54.063,194.3,0
56.316,56.32,55.744,56.192,305.2,0
55.979,55.979,54.983000000000004,55.619,57.4,0
55.824,56.758,55.824,56.631,117.1,0
56.271,56.271,55.483999999999995,55.696999999999996,996.2,0
54.181000000000004,55.818000000000005,54.181000000000004,55.818000000000005,514.4,0
55.775,56.371,55.775,56.17,215.9,0
55.56100000000001,56.641000000000005,55.56100000000001,56.54,212.2,0
55.173,55.619,55.173,55.619,73.2,0
56.693999999999996,57.205,56.693999999999996,57.205,93.3,0
57.886,57.924,57.637,57.924,318.1,0
58.06,58.226000000000006,57.545,57.545,273.0,0
58.361999999999995,58.361999999999995,58.361999999999995,58.361999999999995,102.6,0
58.761,58.761,58.761,58.761,110.8,0
58.508,58.508,57.858000000000004,57.994,316.4,0
57.02,57.02,57.02,57.02,31.6,0
57.769,57.973,57.769,57.973,82.9,0
58.003,59.695,58.003,59.51,746.0,0
59.305,59.582,59.239,59.417,1749.5,0
58.818999999999996,59.187,58.382,59.187,3154.5,0
58.576,59.282,58.354,59.282,2838.4,0
59.315,60.195,59.315,60.195,539.9,0
60.26,60.306999999999995,59.747,59.747,149.0,0
60.22,60.22,59.247,59.257,1329.5,0
59.382,60.121,59.053000000000004,59.655,307.1,0
60.269,60.269,58.548,58.68,312.8,0
59.159,59.3,58.763999999999996,59.3,283.6,0
59.273,59.273,59.273,59.273,50.1,0
58.953,60.04600000000001,58.953,60.04600000000001,244.0,0
59.973,60.306999999999995,59.973,60.306999999999995,56.4,0
60.224,60.24,59.858000000000004,60.016999999999996,235.4,0
59.589,60.074,58.975,59.806000000000004,915.8,0
59.586999999999996,59.898999999999994,59.523999999999994,59.898999999999994,403.5,0
59.782,59.782,58.747,58.955,532.4,0
58.81,59.619,58.81,59.619,38.8,0
59.18899999999999,59.18899999999999,58.498000000000005,58.498000000000005,454.3,0
59.705,59.705,59.391999999999996,59.559,623.6,0
60.016000000000005,60.141999999999996,59.528999999999996,59.782,528.2,0
59.715,60.306999999999995,59.715,60.3,396.3,0
60.424,60.979,60.424,60.979,184.6,0
61.067,61.173,60.803000000000004,61.133,348.4,0
60.901,60.901,60.833999999999996,60.833999999999996,106.0,0
61.13399999999999,61.255,61.13399999999999,61.232,120.0,0
61.948,62.038999999999994,61.571999999999996,62.018,397.9,0
62.145,62.253,61.971000000000004,62.147,442.3,0
61.981,61.981,61.417,61.69,223.2,0
61.213,61.417,61.213,61.417,42.8,0
61.387,61.407,61.141000000000005,61.281000000000006,142.9,0
61.281000000000006,61.864,61.281000000000006,61.708,408.5,0
61.815,61.961999999999996,61.349,61.961999999999996,431.8,0
61.446000000000005,61.766999999999996,61.378,61.378,122.7,0
60.911,61.067,60.784,61.067,75.6,0
60.911,61.523999999999994,60.911,61.456,444.5,0
60.553000000000004,60.636,60.453,60.636,415.8,0
60.26,60.26,60.065,60.065,888.1,0
60.172,60.172,59.599,59.599,120.6,0
59.94,59.94,59.94,59.94,25.8,0
60.396,60.396,60.152,60.25,292.4,0
60.726000000000006,60.863,60.473,60.473,563.5,0
60.641999999999996,60.812,60.6,60.6,100.7,0
60.736000000000004,60.736000000000004,60.008,60.6,337.9,0
60.162,60.162,59.54,59.831,240.8,0
59.909,60.619,59.909,60.571000000000005,126.5,0
60.38,60.396,59.713,60.04600000000001,995.7,0
60.172,60.396,59.766000000000005,59.766000000000005,96.2,0
59.666000000000004,59.821999999999996,59.335,59.821999999999996,236.5,0
59.82,60.288000000000004,59.82,60.065,215.8,0
60.57,60.871,60.317,60.838,485.1,0
60.843,61.427,60.843,61.318999999999996,274.4,0
61.407,61.504,61.353,61.427,609.9,0
61.523999999999994,61.571999999999996,61.398,61.398,700.6,0
61.43600000000001,61.504,61.144,61.305,600.0,0
61.108000000000004,61.543,61.108000000000004,61.543,153.2,0
61.368,61.582,61.146,61.582,236.0,0
60.6,61.61,60.6,61.332,780.4,0
61.698,61.698,61.504,61.608999999999995,175.4,0
62.302,62.358999999999995,62.15,62.233999999999995,225.1,0
62.253,62.336000000000006,62.051,62.051,97.6,0
62.875,62.875,61.387,61.387,71.5,0
60.803000000000004,61.144,60.396,60.531000000000006,154.1,0
60.522,60.522,60.357,60.357,163.6,0
60.093,60.093,59.376000000000005,59.549,425.8,0
60.074,60.696999999999996,60.074,60.696999999999996,600.4,0
59.431999999999995,60.016000000000005,59.431999999999995,60.016000000000005,219.4,0
59.92,60.231,59.876999999999995,60.231,938.6,0
61.387,61.387,61.123999999999995,61.318999999999996,168.1,0
61.485,61.67100000000001,60.83,61.471000000000004,429.2,0
60.038000000000004,61.67100000000001,60.038000000000004,61.24,499.6,0
62.277,62.542,61.211000000000006,62.542,637.1,0
60.243,60.243,58.501000000000005,58.736000000000004,295.5,0
58.795,58.795,56.778999999999996,57.235,1121.5,0
59.61600000000001,59.61600000000001,58.29600000000001,58.455,353.7,0
59.656000000000006,59.998000000000005,59.553999999999995,59.966,154.8,0
60.135,60.575,59.871,60.526,981.4,0
61.896,73.372,60.018,60.9,2066.0,0
61.632,61.632,60.028,60.762,672.2,0
59.02,60.3,59.02,60.3,132.8,0
60.711999999999996,60.711999999999996,59.698,59.698,131.1,0
60.742,61.288999999999994,60.742,61.288999999999994,62.7,0
61.373000000000005,61.876999999999995,60.723,61.158,347.7,0
62.385,62.571999999999996,62.121,62.121,134.0,0
61.387,62.09,61.387,61.975,130.4,0
63.657,63.657,62.351000000000006,62.757,566.0,0
62.757,63.769,62.248000000000005,62.544,606.1,0
62.586000000000006,63.36,61.535,62.07899999999999,290.3,0
62.425,62.797,61.952,62.797,690.8,0
63.824,63.824,62.184,62.766999999999996,329.9,0
62.913999999999994,63.284,62.708,63.229,471.4,0
63.343999999999994,65.252,62.61,63.589,14094.1,0
62.894,65.381,62.806000000000004,62.806000000000004,720.5,0
62.355,65.633,62.355,65.633,403.4,0
63.803999999999995,65.633,62.415,63.589,312.3,0
63.461999999999996,63.461999999999996,62.355,63.452,493.9,0
63.608000000000004,63.833,63.04,63.784,448.4,0
62.552,63.861000000000004,62.493,63.773999999999994,490.4,0
62.873999999999995,63.177,61.858999999999995,62.208999999999996,243.9,0
63.148,63.148,63.148,63.148,122.0,0
63.54,63.54,62.522,62.965,105.1,0
63.765,63.824,62.961999999999996,63.463,1037.2,0
63.95,64.01899999999999,63.589,63.589,395.6,0
63.861999999999995,63.98,62.983000000000004,63.868,166.3,0
63.402,63.98,63.402,63.98,210.9,0
64.577,64.694,63.54,64.37100000000001,722.4,0
63.54,64.404,63.54,64.077,175.9,0
64.567,64.705,64.169,64.705,352.3,0
64.077,64.694,64.077,64.577,376.5,0
64.381,64.381,63.621,63.621,220.7,0
64.87,64.87,64.03,64.87,360.6,0
64.41,64.577,63.188,63.614,124.2,0
64.40100000000001,64.43,63.619,64.361,186.0,0
64.959,64.959,63.931000000000004,64.475,569.3,0
64.567,64.567,64.195,64.278,428.0,0
63.92100000000001,64.322,63.92100000000001,64.322,177.0,0
64.655,64.655,63.833,64.087,368.0,0
63.008,64.655,63.008,64.655,406.3,0
63.032,64.332,62.943999999999996,64.322,502.8,0
63.461999999999996,64.04899999999999,63.461999999999996,64.04899999999999,141.7,0
64.312,64.312,62.973,62.973,225.2,0
63.461999999999996,64.88,63.461999999999996,64.175,495.4,0
64.80199999999999,65.17399999999999,64.457,65.12899999999999,546.1,0
65.437,65.437,65.112,65.339,262.0,0
65.252,65.252,63.923,64.874,417.6,0
65.025,65.025,63.833,63.833,289.7,0
63.773999999999994,64.292,63.559,63.799,147.7,0
63.258,63.258,61.965,62.708,490.2,0
63.187,63.187,62.058,62.416000000000004,269.9,0
63.497,63.497,62.395,63.158,1674.0,0
63.275,63.285,62.673,63.251000000000005,341.0,0
62.972,63.68600000000001,62.972,63.68600000000001,68.1,0
63.803999999999995,63.803999999999995,63.803999999999995,63.803999999999995,76.5,0
63.941,63.941,62.205,63.603,190.0,0
65.066,65.183,63.887,65.03699999999999,909.1,0
63.823,64.67399999999999,63.823,64.67399999999999,453.4,0
63.58,63.58,63.559,63.559,82.2,0
63.95,64.312,63.148,63.864,166.7,0
64.48100000000001,64.48100000000001,64.473,64.473,61.3,0
64.077,64.077,63.748999999999995,63.748999999999995,122.6,0
64.391,64.654,64.16,64.16,1010.5,0
64.991,64.991,63.745,63.745,297.7,0
65.14399999999999,65.14399999999999,63.07,64.127,274.3,0
64.325,64.98,64.325,64.82300000000001,84.0,0
63.231,64.439,63.231,63.952,379.0,0
63.872,64.23100000000001,63.52,63.986999999999995,344.7,0
64.53699999999999,64.596,64.158,64.53699999999999,392.2,0
63.589,63.599,63.187,63.599,315.4,0
62.88399999999999,64.117,62.88399999999999,63.97,411.9,0
63.022,63.481,62.88399999999999,63.383,742.2,0
62.933,62.933,62.364,62.364,55.8,0
63.265,63.354,63.136,63.163999999999994,709.0,0
61.935,63.861999999999995,61.935,63.05,2652.9,0
62.708,63.608000000000004,62.708,62.742,205.6,0
62.684,63.888000000000005,62.684,63.324,425.4,0
63.001999999999995,63.891999999999996,62.63,63.891999999999996,328.6,0
64.04899999999999,64.04899999999999,63.707,64.04899999999999,438.1,0
63.941,64.009,63.57899999999999,63.891999999999996,514.0,0
63.295,63.295,63.295,63.295,58.6,0
63.803999999999995,63.803999999999995,62.857,62.857,149.1,0
63.53,63.559,63.481,63.559,101.1,0
63.49,63.995,63.022,63.1,248.5,0
64.04899999999999,64.04899999999999,61.753,62.349,304.5,0
62.865,62.865,61.68600000000001,61.68600000000001,323.6,0
63.333999999999996,63.333999999999996,61.458,62.327,172.8,0
62.152,62.152,61.224,61.224,136.8,0
63.119,63.191,62.132,62.132,241.0,0
63.755,63.755,62.558,63.738,277.0,0
62.61,64.04899999999999,62.61,64.04899999999999,337.1,0
64.04899999999999,64.04899999999999,62.723,64.00399999999999,309.5,0
63.872,63.931000000000004,63.46,63.931000000000004,419.4,0
64.175,64.175,62.806000000000004,63.589,740.5,0
63.589,64.32600000000001,62.698,64.32600000000001,693.2,0
63.343999999999994,63.852,63.253,63.765,102.8,0
63.92100000000001,64.61,63.912,63.92100000000001,595.8,0
63.716,64.16,62.736999999999995,63.099,915.6,0
62.73,63.93,62.73,63.687,249.7,0
65.027,65.027,63.912,64.297,300.1,0
64.41,64.635,63.589,64.635,164.7,0
64.28,64.28,64.28,64.28,23.8,0
63.696000000000005,64.782,63.599,63.599,320.1,0
64.547,64.863,63.045,64.45,291.4,0
64.46,64.777,63.424,63.424,396.6,0
64.919,64.919,63.917,64.097,222.8,0
64.166,64.664,63.145,64.664,432.8,0
64.959,65.056,63.56100000000001,63.625,3322.7,0
64.982,64.982,63.486999999999995,64.292,204.8,0
64.919,65.604,64.645,65.053,1720.5,0
66.289,66.38600000000001,65.32,66.259,1335.4,0
65.359,66.416,65.093,65.692,1549.1,0
66.455,66.455,64.479,65.976,611.6,0
66.82600000000001,67.179,65.33,66.778,2130.0,0
67.081,67.081,65.12100000000001,65.311,171.3,0
65.056,66.11399999999999,64.389,65.056,3978.7,0
64.039,65.361,64.039,64.98100000000001,413.5,0
64.346,65.766,64.346,65.218,362.6,0
65.185,65.625,64.604,65.625,872.9,0
65.57,65.57,64.32600000000001,65.435,105.5,0
65.744,65.744,64.078,64.809,633.7,0
64.931,65.387,64.148,65.387,2440.3,0
65.575,65.575,64.362,65.258,9703.5,0
65.575,65.575,64.075,64.881,1305.1,0
64.247,65.595,64.247,64.624,8016.8,0
64.247,65.565,64.247,64.95100000000001,1511.1,0
65.873,65.873,64.491,65.56,372.1,0
66.031,66.21,65.793,66.089,741.0,0
67.141,67.141,65.848,66.492,2577.5,0
66.785,66.785,66.165,66.477,639.7,0
65.942,66.26899999999999,65.42699999999999,65.42699999999999,2012.4,0
66.29,66.507,65.601,66.329,618.9,0
66.695,66.695,65.95,66.63600000000001,600.3,0
66.993,66.993,66.237,66.497,821.6,0
66.63600000000001,66.705,66.454,66.695,523.2,0
66.63600000000001,66.63600000000001,66.15899999999999,66.467,347.1,0
66.37,66.53699999999999,66.355,66.53699999999999,335.7,0
66.745,66.745,65.962,66.314,1140.0,0
66.22,66.53699999999999,65.473,66.148,205.8,0
66.169,66.52600000000001,66.169,66.517,1391.6,0
66.13,66.96300000000001,66.13,66.96300000000001,1997.6,0
67.479,67.479,66.86399999999999,67.449,957.2,0
67.756,67.756,67.193,67.389,1243.7,0
66.418,67.29,66.418,67.214,298.6,0
66.509,66.708,66.509,66.7,1388.3,0
66.487,66.884,66.36,66.36,3744.1,0
66.66,66.66,65.932,66.071,16310.0,0
66.199,66.21,65.993,66.21,1103.6,0
66.755,66.755,66.352,66.527,2363.2,0
66.596,66.596,66.309,66.497,900.4,0
66.367,66.497,66.152,66.352,880.2,0
66.438,66.467,66.378,66.378,126.4,0
66.477,66.973,66.477,66.913,672.9,0
67.082,67.219,66.885,67.161,282.8,0
67.449,67.57300000000001,67.23100000000001,67.528,640.6,0
67.342,67.64699999999999,67.27,67.539,625.7,0
67.697,67.925,67.558,67.865,578.7,0
68.014,68.014,67.637,67.815,2636.9,0
67.845,67.92399999999999,67.607,67.857,512.9,0
68.123,68.351,68.123,68.345,4545.7,0
68.222,68.227,68.032,68.164,171.4,0
68.579,68.579,68.07300000000001,68.22399999999999,314.1,0
67.895,68.028,67.895,67.905,270.9,0
68.143,68.143,67.949,68.11,487.4,0
68.077,68.077,67.67699999999999,67.67699999999999,546.2,0
68.311,68.88600000000001,68.311,68.774,760.0,0
68.69800000000001,68.69800000000001,68.253,68.301,421.6,0
68.251,68.331,68.212,68.331,316.8,0
68.282,68.282,68.07300000000001,68.242,1476.6,0
68.07300000000001,68.143,67.919,68.117,687.2,0
68.15,68.15,67.657,67.697,1163.6,0
67.687,67.905,67.59899999999999,67.59899999999999,1062.5,0
68.00399999999999,68.182,67.956,68.093,321.1,0
68.291,68.415,68.256,68.37100000000001,895.1,0
67.915,68.043,67.855,67.855,687.7,0
68.2,68.844,68.093,68.844,241.6,0
68.78699999999999,68.934,68.718,68.72800000000001,645.7,0
69.322,69.322,68.718,68.738,450.5,0
68.88,68.979,68.818,68.889,254.5,0
68.847,68.847,68.172,68.31,912.1,0
67.905,68.163,67.766,67.991,1723.0,0
67.766,68.41199999999999,67.766,68.012,226.1,0
67.915,68.398,67.915,68.172,223.6,0
67.895,68.153,67.726,68.153,365.7,0
68.291,68.688,68.291,68.594,418.9,0
68.678,68.751,68.361,68.589,142.3,0
68.68,68.975,68.4,68.807,1465.9,0
68.569,68.75,68.569,68.72800000000001,324.0,0
68.718,68.718,68.301,68.403,330.9,0
68.407,68.594,68.34899999999999,68.594,334.0,0
68.72800000000001,68.847,68.182,68.182,212.3,0
68.27199999999999,68.509,68.232,68.39,596.7,0
68.4,68.51899999999999,68.291,68.361,289.3,0
68.49,68.528,68.49,68.5,251.2,0
68.024,68.318,68.015,68.262,336.3,0
68.426,68.426,68.235,68.306,173.7,0
68.084,68.084,67.925,67.925,233.6,0
67.97399999999999,68.391,67.97399999999999,68.291,573.3,0
68.172,68.172,67.933,67.972,2791.5,0
68.331,68.331,67.874,67.903,384.9,0
68.163,68.416,68.163,68.416,629.3,0
68.37,68.37,68.234,68.234,193.9,0
69.362,69.405,69.154,69.405,1330.7,0
69.63,69.878,69.625,69.878,582.4,0
69.73899999999999,69.89699999999999,69.73899999999999,69.759,991.0,0
69.699,69.768,69.62,69.73899999999999,385.3,0
69.65,69.669,69.58,69.64,679.8,0
70.145,70.145,69.75,69.90899999999999,217.7,0
69.987,70.046,69.84899999999999,70.046,610.0,0
69.807,69.89699999999999,69.807,69.837,588.6,0
70.006,70.046,69.755,70.02600000000001,1169.2,0
70.115,70.387,70.115,70.30199999999999,500.9,0
70.294,70.373,70.28399999999999,70.324,513.5,0
70.383,70.413,70.135,70.135,830.5,0
70.374,70.443,70.316,70.357,173.8,0
70.115,70.413,69.998,70.413,693.1,0
70.383,70.393,70.185,70.393,97.6,0
70.462,70.78,70.462,70.55199999999999,325.4,0
70.836,70.922,70.798,70.922,137.8,0
70.403,70.403,69.947,69.986,279.6,0
69.54,69.952,69.54,69.87899999999999,263.8,0
70.165,70.72,70.165,70.72,69.2,0
70.69,70.908,70.69,70.867,779.1,0
70.988,70.988,70.777,70.84,321.5,0
70.89699999999999,70.928,70.848,70.928,94.4,0
71.265,71.275,71.027,71.066,479.3,0
70.819,71.023,70.819,71.023,2282.5,0
70.97800000000001,70.97800000000001,70.954,70.954,216.0,0
71.117,71.208,70.835,70.993,684.0,0
71.404,71.503,71.027,71.503,579.9,0
71.98899999999999,71.98899999999999,71.72,71.92,478.3,0
71.83,71.83,71.64699999999999,71.781,303.8,0
71.47399999999999,71.685,71.47399999999999,71.553,235.3,0
71.57300000000001,71.57300000000001,71.42,71.42,210.6,0
71.462,71.523,71.416,71.455,164.6,0
71.523,71.741,71.298,71.298,467.9,0
71.255,71.305,71.176,71.176,235.0,0
71.543,71.786,71.531,71.77,474.4,0
71.771,71.77199999999999,71.355,71.456,179.1,0
70.918,71.077,70.74,71.064,448.0,0
71.17,71.3054,71.17,71.3,113.5,0
71.8449,71.86,71.8054,71.85,127.4,0
71.5252,71.54899999999999,71.4656,71.4778,106.2,0
71.4926,71.4926,71.24600000000001,71.3189,200.3,0
71.4532,71.4876,71.4532,71.4876,107.9,0
71.52,71.693,71.52,71.693,280.2,0
71.74,71.7818,71.71,71.7233,456.4,0
71.67699999999999,71.7175,71.5112,71.583,246.0,0
71.66,72.0795,71.66,72.0795,215.8,0
71.83,71.83,71.27,71.4408,668.2,0
71.76,71.82,71.422,71.82,670.1,0
72.0,72.0,71.806,71.806,58.4,0
71.55,71.65,71.55,71.6154,258.1,0
71.2488,71.404,71.2012,71.2012,345.2,0
71.175,71.4567,71.175,71.452,283.2,0
71.33,71.6652,71.33,71.6601,277.9,0
71.58,71.782,71.4354,71.782,307.3,0
72.17,72.33,72.17,72.3228,1527.1,0
72.12,72.411,72.12,72.411,105.5,0
72.792,72.99,72.792,72.9474,846.6,0
72.7231,72.995,72.7231,72.9054,147.1,0
72.6499,72.969,72.6336,72.9304,486.7,0
73.15,73.355,73.15,73.355,179.2,0
73.13,73.40100000000001,72.84,73.3,5488.2,0
73.25,73.25,73.01,73.11,245.2,0
73.0016,73.2596,73.0016,73.2596,91.4,0
73.45,73.4669,73.1905,73.4659,133.0,0
73.4179,73.54,73.4179,73.49,120.1,0
73.5789,73.5789,73.0739,73.267,152.4,0
73.24,73.436,73.1032,73.436,102.9,0
73.4,73.585,73.15,73.58,644.7,0
73.4904,73.6466,73.3125,73.5392,234.5,0
73.65,73.65,73.4744,73.4744,125.4,0
73.47,73.646,73.47,73.646,150.0,0
73.63,73.64,73.5038,73.64,451.2,0
73.52,73.73,73.52,73.73,109.9,0
73.9899,73.9899,73.438,73.438,388.7,0
72.95,73.435,72.95,73.3696,1042.0,0
72.752,72.78,72.648,72.76,252.8,0
72.54,72.61399999999999,72.2658,72.2658,406.8,0
72.868,73.102,72.868,72.9964,75.4,0
73.12,73.12,72.555,72.955,880.4,0
73.15,73.47,72.91,73.4,688.2,0
72.7244,72.8699,72.16,72.16,2113.8,0
72.53,72.53,72.3837,72.3968,181.9,0
72.2114,72.48,72.2114,72.48,2139.5,0
72.822,72.941,72.551,72.551,1172.3,0
72.868,72.868,72.8,72.81,146.0,0
72.6866,72.7974,72.6866,72.75,74.2,0
73.04,73.124,72.9688,72.9916,227.4,0
72.9655,73.04,72.89,72.9769,1215.5,0
72.5299,72.81,72.5299,72.5535,164.3,0
73.0373,73.0373,72.9383,73.0373,60.9,0
73.457,73.54,73.1541,73.3225,282.2,0
73.959,73.995,73.449,73.449,300.9,0
73.57,73.57,72.96,73.266,404.3,0
73.5005,73.68,73.5005,73.65,301.5,0
73.5506,73.88,73.5506,73.7431,162.9,0
73.618,74.0,73.618,73.782,204.8,0
74.29,74.53,74.2273,74.5152,431.0,0
74.91,74.91,74.561,74.77,421.1,0
74.6939,74.7,74.4256,74.7,234.7,0
74.3232,74.755,74.3232,74.48,231.5,0
74.43,74.87,74.43,74.87,289.6,0
74.8588,75.08,74.8588,75.08,268.0,0
75.25,75.26,75.14,75.26,841.4,0
75.2706,75.499,75.1,75.18,281.6,0
75.06,75.22,74.9873,75.0239,192.4,0
75.1399,75.155,74.9408,75.0813,66.4,0
74.98,75.06,74.67,74.79,220.3,0
74.795,74.795,74.59,74.706,94.9,0
74.74,74.84,74.74,74.84,124.1,0
74.96,75.0436,74.8206,75.0364,182.5,0
75.07,75.43,75.031,75.43,543.1,0
75.505,75.66,75.4242,75.63,270.3,0
75.68,75.7416,75.638,75.7114,280.1,0
75.7077,75.848,75.6484,75.848,108.9,0
75.935,75.9615,75.801,75.801,208.7,0
75.7339,75.83,75.718,75.83,147.3,0
75.83,75.83,75.83,75.83,153.6,0
76.181,76.181,75.943,75.943,188.4,0
76.22,76.31,75.92699999999999,76.31,157.7,0
76.34,76.37,76.131,76.131,230.8,0
76.4572,76.58,76.43,76.4635,127.1,0
76.509,76.509,76.509,76.509,81.5,0
76.47,76.479,76.3184,76.479,196.5,0
76.71,76.71,76.3641,76.595,960.2,0
76.36,76.44,76.2276,76.3984,560.1,0
76.5861,76.5973,76.5856,76.5856,120.5,0
76.6662,76.6663,76.36,76.568,306.3,0
76.5835,76.656,76.441,76.656,204.9,0
75.931,76.3048,75.931,76.2934,125.2,0
76.6,76.61,76.1801,76.27,235.3,0
76.57,76.91,76.57,76.87,533.1,0
76.7142,76.7142,76.596,76.596,122.6,0
76.53,77.055,76.53,76.7532,249.6,0
77.2196,77.359,77.0512,77.0512,108.5,0
77.23,77.24,77.0352,77.1661,227.3,0
77.2708,77.2708,77.0732,77.0732,148.9,0
77.27,77.2775,77.27,77.2775,53.3,0
77.5026,77.5026,77.2,77.352,1247.1,0
77.37,77.72,77.138,77.72,1348.2,0
77.13,77.131,76.60600000000001,77.11,403.8,0
76.55,76.9,76.55,76.9,636.1,0
